{"cameraMatrix": [[504.38098935502, 0.0, 319.705107968983], [0.0, 496.99656521742594, 258.04442822083996], [0.0, 0.0, 1.0]], "dist": [[-0.2838998992866301, 0.5581390379457806, -0.012783173648755065, 0.004580453459543589, -1.7483977028278892]], "rvecs": [[[0.08811043341032507], [-0.1488727442367941], [1.7554140846542394]]], "tvecs": [[[3.50600665357481], [-3.612933068500658], [16.714997168569152]]]}