{
    "x": [
        -0.015132775530219078,
        -0.02238503284752369,
        -0.031122609972953796,
        -0.018162246793508526,
        -0.01817595027387142,
        -0.016744680702686306,
        -0.020364703610539433,
        -0.01961732283234596,
        -0.019612733274698254,
        -0.01885576359927654,
        -0.02101781219244003,
        -0.07685568183660507,
        -0.012304330244660376,
        0.005037583410739901,
        -0.007215474732220171,
        -0.01010758616030216,
        -0.01011888403445482,
        -0.011564053595066069,
        -0.013769693672657011,
        -0.012329474091529844,
        -0.014498517848551272,
        -0.007991364225745198,
        -0.007988296449184416,
        -0.010876480489969252,
        -0.012326111085712908,
        -0.0152467917650938,
        -0.015242850407958027,
        -0.016708113253116604,
        -0.016749573871493336,
        -0.01672582700848579,
        -0.018200276419520375,
        -0.016735110431909558,
        -0.015299449674785134,
        -0.016017224639654156,
        -0.013780043460428713,
        -0.012366558425128456,
        -0.01958278566598892,
        -0.0036147369537502506,
        0.006502317264676095,
        0.010102354921400549,
        0.020899057388305664,
        0.02377721481025219,
        0.025215614587068558,
        0.024496136233210564,
        0.02809637039899826,
        0.028095578774809837,
        0.026655448600649834,
        0.026655448600649834,
        0.02233818918466568,
        0.03097524121403694,
        0.02953472174704075,
        0.02953537553548813,
        0.03097524121403694,
        0.028095010668039322,
        0.03169563412666321,
        0.02449633926153183,
        0.02881532907485962,
        0.03169563412666321,
        0.03241623565554619,
        0.03097519278526306,
        0.03313720226287842,
        0.03313671424984932,
        0.036742061376571655,
        0.037463393062353134,
        0.03746257722377777,
        0.04034828394651413,
        0.026655448600649834,
        0.044682640582323074,
        0.046128496527671814,
        0.04540538787841797,
        0.04902268573641777,
        0.04902177304029465,
        0.0497463122010231,
        0.048301469534635544
    ],
    "y": [
        -0.005184364970773504,
        -0.00020352954743434542,
        -0.0016240670811385374,
        -0.045147743076086086,
        -0.047303497791290325,
        -0.050891514867544216,
        -0.04803747683763508,
        -0.04515695944428448,
        -0.04443871229887013,
        -0.039413396269083065,
        -0.035844657570123714,
        -0.05233696848154073,
        -0.03508908301591877,
        -0.03575124964118008,
        -0.027936283499002502,
        -0.027944462373852775,
        -0.0315104611217976,
        -0.030801828950643585,
        -0.03867141902446751,
        -0.04081261903047566,
        -0.039390794932842296,
        -0.04294211044907574,
        -0.04222563281655316,
        -0.040089845657348674,
        -0.040096454322338146,
        -0.0436949767172337,
        -0.04297764599323277,
        -0.04513886943459515,
        -0.051611781120300335,
        -0.048013124614954036,
        -0.050901569426059765,
        -0.04945178329944615,
        -0.05232238397002224,
        -0.05088663101196293,
        -0.04081966727972035,
        -0.04798696190118794,
        -0.0394174233078957,
        -0.032204054296016735,
        -0.019374830648303077,
        -0.018661258742213294,
        -0.008718401193618816,
        -0.008007802069187206,
        -0.010845981538295787,
        -0.010136468335986179,
        -0.0058772349730134435,
        -0.008006351068615955,
        -0.009426195174455684,
        -0.009426195174455684,
        -0.008008317090570968,
        -0.01439503487199549,
        -0.01297489181160931,
        -0.008715678937733215,
        -0.01439503487199549,
        -0.010135589167475742,
        -0.014395105652511161,
        -0.009426807053387207,
        -0.008715875446796459,
        -0.014395105652511161,
        -0.01510541979223494,
        -0.012264853343367618,
        -0.016526255756616634,
        -0.014395296573638958,
        -0.01652759872376923,
        -0.016527928411960643,
        -0.014396265149116558,
        -0.010844524949789089,
        -0.009426195174455684,
        -0.006580559071153444,
        -0.006579997949302238,
        -0.012977536767721216,
        -0.0058678137138486325,
        -0.009423142299056093,
        -0.0065785804763436725,
        -0.0023131140042096784
    ]
}